Top queries,Clicks,Impressions,CTR,Position
website analytics agency bergen county nj,0,18,0%,18.39
seo agency bergen county nj,0,6,0%,67.67
seo agencies bergen county nj,0,6,0%,71.5
pixerverse,0,2,0%,2.5
pixelvers,0,2,0%,4.5
website analytics agencies bergen county nj,0,2,0%,17
seo companies bergen county nj,0,2,0%,37.5
website design agencies bergen county nj,0,2,0%,66.5
website design company bergen county nj,0,2,0%,71.5
pixleverse,0,1,0%,2
poxverse,0,1,0%,4
pixevers,0,1,0%,6
seo fort lee,0,1,0%,9
local seo agency englewood nj,0,1,0%,13
website optimization bergen county,0,1,0%,43
website design paramus nj,0,1,0%,67
seo company bergen county nj,0,1,0%,78
bergen county seo,0,1,0%,90
seo bergen county,0,1,0%,94